,n,Pi,Fehler,Operationen,Laufzeit,Mantissenlänge
0,1,3.14159265358979323846264338358735068847586634599637431565490580680130145056520359110583091021929092908156843648708689356740996102831785808607280920571198851319409247234682927094863087260660573118754073580580798673734733782162734464809043722971301859927870431570639695338479912796230789687851625715998,3.078478042786969466212684946799612144934850442789945924777960848771738610994203499738045869203161164187672758543474497975835073957438083696448907498430712279836567762571587713769970110714138916931516964143036540644418166901330557487829366047743448013140945032712560080187062754129933936844118251184790790371707459082846356321074096399886694694511795334786158530480584883905669427296342404080469078138826180673882068948814519255376200372504326481142472751087720618169880508701663266375593433569139786050536047752628092978201390562972294607828237068232476153251815323305948679994318728547364391722142286572422103908263628212785315590987750465698534504146289492077203107410764579800438878709780391359655818401863702252286900394812927886500000016270219500489402682671839036814049755405446530916973574776917466553149647380688118289899968621612471134124667916185793828223308526964017465095712445312688404371361176462124062480422181422194678287731933869980721233888040907835798011E-28,57,22.848606109619140625000,300
1,1,3.14159265358979323846264338358735068847586634599637431565490580680130145056520359110583091021929092908156843648708689356740996102831785808607280920571198851319409247234682927094863087260660573118754073580580798673734733782162734464809043722971301859927870431570639695338479912796230789687851625715998,3.078478042786969466212684946799612144934850442789945924777960848771738610994203499738045869203161164187672758543474497975835073957438083696448907498430712279836567762571587713769970110714138916931516964143036540644418166901330557487829366047743448013140945032712560080187062754129933936844118251184790790371707459082846356321074096399886694694511795334786158530480584883905669427296342404080469078138826180673882068948814519255376200372504326481142472751087720618169880508701663266375593433569139786050536047752628092978201390562972294607828237068232476153251815323305948679994318728547364391722142286572422103908263628212785315590987750465698534504146289492077203107410764579800438878709780391359655818401863702252286900394812927886500000016270219500489402682671839036814049755405446530916973574776917466553149647380688118289899968621612471134124667916185793828223308526964017465095712445312688404371361176462124062480422181422194678287731933869980721233888040907835798011E-28,57,5.98716735839843750000,300
2,2,3.14159265358979323846264338327950288419716767885484628791272779037064297733517695872692291149537379708514828828342958093808420197673672278284517680806326646470942777761218651194434364403221543481736449837325273634284846337349460781655541352869580601132192114272423441807592355222315422891268118736747,1.7205202595330622168019371734289510320399011119138467432708969997982298527257090096426328138594488801826000652146527408563250897520091612160005907335201130174660555582393230849827549810404172313696365753958978237274241992259305345307744250591646945790617738037245870066063155881748815209209628292540917153643678925903600113305305488204665213841469519415116094330572703657595919530921861173819326117931051185480744623799627495673518857527248912279381830119491298336733624406566430860213949463952247371907021798609437027705392171762931767523846748184676694051320005681271452635608277857713427577896091736371787214684409012249534301465495853710507922796892589235420199561121290219608640344181598136297747713099605187072113499999983729780499510597317328160963185950244594553469083026425223082533446850352619311881710100031378387528865875332083814206171776691473035982534904287554687311595628638823537875937519577818577805321712268066130019278766111959092164201989E-42,99,9.2294216156005859375000,300
3,4,3.14159265358979323846264338327950288419716939937510582097494459230781634669469024771726816523915601101001558762627634886184248861057117934164470968362952226281764041516959738291245842525675852633704120202757451186383906215392453793529126365222820661167708828539535159782998570266663828026779105158246,5.95915187509107666601029610569721324988870059577852513559989794028900806497244989588546326436875323411381931012193661904285933407624012364638020943839745511102984955195130429952974685602815281087507804686239815751133394691975588137245870066063155881748815209209628292540917153643678925903600113305305488204665213841469519415116094330572703657595919530921861173819326117931051185480744623799627495673518857527248912279381830119491298336733624406566430860213949463952247371907021798609437027705392171762931767523846748184676694051320005681271452635608277857713427577896091736371787214684409012249534301465495853710507922796892589235420199561121290219608640344181598136297747713099605187072113499999983729780499510597317328160963185950244594553469083026425223082533446850352619311881710100031378387528865875332083814206171776691473035982534904287554687311595628638823537875937519577818577805321712268066130019278766111959092164201989E-71,213,19.2120075225830078125000,300
4,6,3.14159265358979323846264338327950288419716939937510582097494459230781640628620899862803482534211706577037811376339639802111153371590208930626567428838971225534782588464533595668130260047458427077288191866648470586604495227675272146755787161226905821975476549491637994819720314246943669692850322576101,2.2117699727498859086259823108936484929254596851197387688621024582180566025644242570441483646841575000457623262697998884938517229267662289115530021436893908830720070804004132511841787766966787570233802637245870066063155881748815209209628292540917153643678925903600113305305488204665213841469519415116094330572703657595919530921861173819326117931051185480744623799627495673518857527248912279381830119491298336733624406566430860213949463952247371907021798609437027705392171762931767523846748184676694051320005681271452635608277857713427577896091736371787214684409012249534301465495853710507922796892589235420199561121290219608640344181598136297747713099605187072113499999983729780499510597317328160963185950244594553469083026425223082533446850352619311881710100031378387528865875332083814206171776691473035982534904287554687311595628638823537875937519577818577805321712268066130019278766111959092164201989E-99,367,12.357234954833984375000,300
5,11,3.14159265358979323846264338327950288419716939937510582097494459230781640628620899862803482534211706798214808651328230664709384460955058223172535940812848111745028410270195968675526167685208300164589588171334209495086909700812445441679024186309622525043410374073649968646283912743568892933768413513324,2.11656497020322291340467155139172845311192849356508796488061830034586978250233412884551738130393378523848007874755357304238859919662754129933936844118251184790790371707459082846356321074096399886694694511795334786158530480584883905669427296342404080469078138826180673882068948814519255376200372504326481142472751087720618169880508701663266375593433569139786050536047752628092978201390562972294607828237068232476153251815323305948679994318728547364391722142286572422103908263628212785315590987750465698534504146289492077203107410764579800438878709780391359655818401863702252286900394812927886500000016270219500489402682671839036814049755405446530916973574776917466553149647380688118289899968621612471134124667916185793828223308526964017465095712445312688404371361176462124062480422181422194678287731933869980721233888040907835798011E-170,927,43.2455539703369140625000,300
6,18,3.14159265358979323846264338327950288419716939937510582097494459230781640628620899862803482534211706798214808651328230664709384460955058223172535940812848111745028410270193852110555964462294895493038196442881097566593344612847564823378678316527120190914564856692346034860138660193499566828532777009789,9.0677247132177253219324790433837245870066063155881748815209209628292540917153643678925903600113305305488204665213841469519415116094330572703657595919530921861173819326117931051185480744623799627495673518857527248912279381830119491298336733624406566430860213949463952247371907021798609437027705392171762931767523846748184676694051320005681271452635608277857713427577896091736371787214684409012249534301465495853710507922796892589235420199561121290219608640344181598136297747713099605187072113499999983729780499510597317328160963185950244594553469083026425223082533446850352619311881710100031378387528865875332083814206171776691473035982534904287554687311595628638823537875937519577818577805321712268066130019278766111959092164201989E-270,2131,53.8103580474853515625000,300
7,29,3.14159265358979323846264338327950288419716939937510582097494459230781640628620899862803482534211706798214808651328230664709384460955058223172535940812848111745028410270193852110555964462294895493038196442881097566593344612847564823378678316527120190914564856692346034861045432664821339360726024914127,3.7245870066063155881748815209209628292540917153643678925903600113305305488204665213841469519415116094330572703657595919530921861173819326117931051185480744623799627495673518857527248912279381830119491298336733624406566430860213949463952247371907021798609437027705392171762931767523846748184676694051320005681271452635608277857713427577896091736371787214684409012249534301465495853710507922796892589235420199561121290219608640344181598136297747713099605187072113499999983729780499510597317328160963185950244594553469083026425223082533446850352619311881710100031378387528865875332083814206171776691473035982534904287554687311595628638823537875937519577818577805321712268066130019278766111959092164201989E-300,5013,79.099178314208984375000,300
8,48,3.14159265358979323846264338327950288419716939937510582097494459230781640628620899862803482534211706798214808651328230664709384460955058223172535940812848111745028410270193852110555964462294895493038196442881097566593344612847564823378678316527120190914564856692346034861045432664821339360726024914127,3.7245870066063155881748815209209628292540917153643678925903600113305305488204665213841469519415116094330572703657595919530921861173819326117931051185480744623799627495673518857527248912279381830119491298336733624406566430860213949463952247371907021798609437027705392171762931767523846748184676694051320005681271452635608277857713427577896091736371787214684409012249534301465495853710507922796892589235420199561121290219608640344181598136297747713099605187072113499999983729780499510597317328160963185950244594553469083026425223082533446850352619311881710100031378387528865875332083814206171776691473035982534904287554687311595628638823537875937519577818577805321712268066130019278766111959092164201989E-300,12841,126.627922058105468750000,300
9,78,3.14159265358979323846264338327950288419716939937510582097494459230781640628620899862803482534211706798214808651328230664709384460955058223172535940812848111745028410270193852110555964462294895493038196442881097566593344612847564823378678316527120190914564856692346034861045432664821339360726024914127,3.7245870066063155881748815209209628292540917153643678925903600113305305488204665213841469519415116094330572703657595919530921861173819326117931051185480744623799627495673518857527248912279381830119491298336733624406566430860213949463952247371907021798609437027705392171762931767523846748184676694051320005681271452635608277857713427577896091736371787214684409012249534301465495853710507922796892589235420199561121290219608640344181598136297747713099605187072113499999983729780499510597317328160963185950244594553469083026425223082533446850352619311881710100031378387528865875332083814206171776691473035982534904287554687311595628638823537875937519577818577805321712268066130019278766111959092164201989E-300,32551,235.3637218475341796875000,300
10,127,3.14159265358979323846264338327950288419716939937510582097494459230781640628620899862803482534211706798214808651328230664709384460955058223172535940812848111745028410270193852110555964462294895493038196442881097566593344612847564823378678316527120190914564856692346034861045432664821339360726024914127,3.7245870066063155881748815209209628292540917153643678925903600113305305488204665213841469519415116094330572703657595919530921861173819326117931051185480744623799627495673518857527248912279381830119491298336733624406566430860213949463952247371907021798609437027705392171762931767523846748184676694051320005681271452635608277857713427577896091736371787214684409012249534301465495853710507922796892589235420199561121290219608640344181598136297747713099605187072113499999983729780499510597317328160963185950244594553469083026425223082533446850352619311881710100031378387528865875332083814206171776691473035982534904287554687311595628638823537875937519577818577805321712268066130019278766111959092164201989E-300,84099,397.2489833831787109375000,300
11,206,3.14159265358979323846264338327950288419716939937510582097494459230781640628620899862803482534211706798214808651328230664709384460955058223172535940812848111745028410270193852110555964462294895493038196442881097566593344612847564823378678316527120190914564856692346034861045432664821339360726024914127,3.7245870066063155881748815209209628292540917153643678925903600113305305488204665213841469519415116094330572703657595919530921861173819326117931051185480744623799627495673518857527248912279381830119491298336733624406566430860213949463952247371907021798609437027705392171762931767523846748184676694051320005681271452635608277857713427577896091736371787214684409012249534301465495853710507922796892589235420199561121290219608640344181598136297747713099605187072113499999983729780499510597317328160963185950244594553469083026425223082533446850352619311881710100031378387528865875332083814206171776691473035982534904287554687311595628638823537875937519577818577805321712268066130019278766111959092164201989E-300,217767,678.46870422363281250000,300
12,335,3.14159265358979323846264338327950288419716939937510582097494459230781640628620899862803482534211706798214808651328230664709384460955058223172535940812848111745028410270193852110555964462294895493038196442881097566593344612847564823378678316527120190914564856692346034861045432664821339360726024914127,3.7245870066063155881748815209209628292540917153643678925903600113305305488204665213841469519415116094330572703657595919530921861173819326117931051185480744623799627495673518857527248912279381830119491298336733624406566430860213949463952247371907021798609437027705392171762931767523846748184676694051320005681271452635608277857713427577896091736371787214684409012249534301465495853710507922796892589235420199561121290219608640344181598136297747713099605187072113499999983729780499510597317328160963185950244594553469083026425223082533446850352619311881710100031378387528865875332083814206171776691473035982534904287554687311595628638823537875937519577818577805321712268066130019278766111959092164201989E-300,570195,1239.57443237304687500000,300
13,545,3.14159265358979323846264338327950288419716939937510582097494459230781640628620899862803482534211706798214808651328230664709384460955058223172535940812848111745028410270193852110555964462294895493038196442881097566593344612847564823378678316527120190914564856692346034861045432664821339360726024914127,3.7245870066063155881748815209209628292540917153643678925903600113305305488204665213841469519415116094330572703657595919530921861173819326117931051185480744623799627495673518857527248912279381830119491298336733624406566430860213949463952247371907021798609437027705392171762931767523846748184676694051320005681271452635608277857713427577896091736371787214684409012249534301465495853710507922796892589235420199561121290219608640344181598136297747713099605187072113499999983729780499510597317328160963185950244594553469083026425223082533446850352619311881710100031378387528865875332083814206171776691473035982534904287554687311595628638823537875937519577818577805321712268066130019278766111959092164201989E-300,1499865,2356.9281101226806640625000,300
14,885,3.14159265358979323846264338327950288419716939937510582097494459230781640628620899862803482534211706798214808651328230664709384460955058223172535940812848111745028410270193852110555964462294895493038196442881097566593344612847564823378678316527120190914564856692346034861045432664821339360726024914127,3.7245870066063155881748815209209628292540917153643678925903600113305305488204665213841469519415116094330572703657595919530921861173819326117931051185480744623799627495673518857527248912279381830119491298336733624406566430860213949463952247371907021798609437027705392171762931767523846748184676694051320005681271452635608277857713427577896091736371787214684409012249534301465495853710507922796892589235420199561121290219608640344181598136297747713099605187072113499999983729780499510597317328160963185950244594553469083026425223082533446850352619311881710100031378387528865875332083814206171776691473035982534904287554687311595628638823537875937519577818577805321712268066130019278766111959092164201989E-300,3940045,4812.9575252532958984375000,300
15,1438,3.14159265358979323846264338327950288419716939937510582097494459230781640628620899862803482534211706798214808651328230664709384460955058223172535940812848111745028410270193852110555964462294895493038196442881097566593344612847564823378678316527120190914564856692346034861045432664821339360726024914127,3.7245870066063155881748815209209628292540917153643678925903600113305305488204665213841469519415116094330572703657595919530921861173819326117931051185480744623799627495673518857527248912279381830119491298336733624406566430860213949463952247371907021798609437027705392171762931767523846748184676694051320005681271452635608277857713427577896091736371787214684409012249534301465495853710507922796892589235420199561121290219608640344181598136297747713099605187072113499999983729780499510597317328160963185950244594553469083026425223082533446850352619311881710100031378387528865875332083814206171776691473035982534904287554687311595628638823537875937519577818577805321712268066130019278766111959092164201989E-300,10378071,10444.0810680389404296875000,300
16,2335,3.14159265358979323846264338327950288419716939937510582097494459230781640628620899862803482534211706798214808651328230664709384460955058223172535940812848111745028410270193852110555964462294895493038196442881097566593344612847564823378678316527120190914564856692346034861045432664821339360726024914127,3.7245870066063155881748815209209628292540917153643678925903600113305305488204665213841469519415116094330572703657595919530921861173819326117931051185480744623799627495673518857527248912279381830119491298336733624406566430860213949463952247371907021798609437027705392171762931767523846748184676694051320005681271452635608277857713427577896091736371787214684409012249534301465495853710507922796892589235420199561121290219608640344181598136297747713099605187072113499999983729780499510597317328160963185950244594553469083026425223082533446850352619311881710100031378387528865875332083814206171776691473035982534904287554687311595628638823537875937519577818577805321712268066130019278766111959092164201989E-300,27324195,24121.6249465942382812500000,300
17,3792,3.14159265358979323846264338327950288419716939937510582097494459230781640628620899862803482534211706798214808651328230664709384460955058223172535940812848111745028410270193852110555964462294895493038196442881097566593344612847564823378678316527120190914564856692346034861045432664821339360726024914127,3.7245870066063155881748815209209628292540917153643678925903600113305305488204665213841469519415116094330572703657595919530921861173819326117931051185480744623799627495673518857527248912279381830119491298336733624406566430860213949463952247371907021798609437027705392171762931767523846748184676694051320005681271452635608277857713427577896091736371787214684409012249534301465495853710507922796892589235420199561121290219608640344181598136297747713099605187072113499999983729780499510597317328160963185950244594553469083026425223082533446850352619311881710100031378387528865875332083814206171776691473035982534904287554687311595628638823537875937519577818577805321712268066130019278766111959092164201989E-300,71998729,57332.8843116760253906250000,300
18,6158,3.14159265358979323846264338327950288419716939937510582097494459230781640628620899862803482534211706798214808651328230664709384460955058223172535940812848111745028410270193852110555964462294895493038196442881097566593344612847564823378678316527120190914564856692346034861045432664821339360726024914127,3.7245870066063155881748815209209628292540917153643678925903600113305305488204665213841469519415116094330572703657595919530921861173819326117931051185480744623799627495673518857527248912279381830119491298336733624406566430860213949463952247371907021798609437027705392171762931767523846748184676694051320005681271452635608277857713427577896091736371787214684409012249534301465495853710507922796892589235420199561121290219608640344181598136297747713099605187072113499999983729780499510597317328160963185950244594553469083026425223082533446850352619311881710100031378387528865875332083814206171776691473035982534904287554687311595628638823537875937519577818577805321712268066130019278766111959092164201989E-300,189771111,140999.8974800109863281250000,300
19,10000,3.14159265358979323846264338327950288419716939937510582097494459230781640628620899862803482534211706798214808651328230664709384460955058223172535940812848111745028410270193852110555964462294895493038196442881097566593344612847564823378678316527120190914564856692346034861045432664821339360726024914127,3.7245870066063155881748815209209628292540917153643678925903600113305305488204665213841469519415116094330572703657595919530921861173819326117931051185480744623799627495673518857527248912279381830119491298336733624406566430860213949463952247371907021798609437027705392171762931767523846748184676694051320005681271452635608277857713427577896091736371787214684409012249534301465495853710507922796892589235420199561121290219608640344181598136297747713099605187072113499999983729780499510597317328160963185950244594553469083026425223082533446850352619311881710100031378387528865875332083814206171776691473035982534904287554687311595628638823537875937519577818577805321712268066130019278766111959092164201989E-300,500270025,441261.0077857971191406250000,300
0,1,3.1415926535897932384626433835873506884758663459963743156549058068013014505652035911058309102192909290815684364870868935674099610283178580860728092057119885131940924723468292709486308726066057311875407358058079867373473378216273446480904372297130185992787043157063969533847991279623078968785162571599750758281127333966274749304493611125372084511271253,3.078478042786969466212684946799612144934850442789945924777960848771738610994203499738045869203161164187672758543474497975835073957438083696448907498430712279836567762571587713769970110714138916931516964143036540644418166901330557487829366047743448013140945032712560080187013512411061270810393000489284401497079543594117609321074096399886694694511795334786158530480584883905669427296342404080469078138826180673882068948814519255376200372504326481142472751087720618169880508701663266375593433569139786050536047752628092978201390562972294607828237068232476153251815323305948679994318728547364391722142286572422103908263628212785315590987750465698534504146289492077203107410764579800438878709780391359655818401863702252286900394812927886500000016270219500489402682671839036814049755405446530916973574776917466553149647380688118289899968621612471134124667916185793828223308526964017465095712445312688404371361176462124062480422181422194678287731933869980721233888040907835798011E-28,57,19.0565586090087890625000,350
1,1,3.1415926535897932384626433835873506884758663459963743156549058068013014505652035911058309102192909290815684364870868935674099610283178580860728092057119885131940924723468292709486308726066057311875407358058079867373473378216273446480904372297130185992787043157063969533847991279623078968785162571599750758281127333966274749304493611125372084511271253,3.078478042786969466212684946799612144934850442789945924777960848771738610994203499738045869203161164187672758543474497975835073957438083696448907498430712279836567762571587713769970110714138916931516964143036540644418166901330557487829366047743448013140945032712560080187013512411061270810393000489284401497079543594117609321074096399886694694511795334786158530480584883905669427296342404080469078138826180673882068948814519255376200372504326481142472751087720618169880508701663266375593433569139786050536047752628092978201390562972294607828237068232476153251815323305948679994318728547364391722142286572422103908263628212785315590987750465698534504146289492077203107410764579800438878709780391359655818401863702252286900394812927886500000016270219500489402682671839036814049755405446530916973574776917466553149647380688118289899968621612471134124667916185793828223308526964017465095712445312688404371361176462124062480422181422194678287731933869980721233888040907835798011E-28,57,4.6470165252685546875000,350
2,2,3.1415926535897932384626433832795028841971676788548462879127277903706429773351769587269229114953737970851482882834295809380842019767367227828451768080632664647094277776121865119443436440322154348173644983732527363428484633734946078165554135286958060113219211427242344180759235522231542289126811873674653543540206349441189000643160682114875082458048805,1.7205202595330622168019371734289510320399011119138467432708969997982298527257090096426328138594488801826000652146527408563250897520091612160005907335201130174660555582393230849827549810404172313696365753958978237274241992259305345307744250591646945790617738083702329859713714692748172048527513417458459104838678925903600113305305488204665213841469519415116094330572703657595919530921861173819326117931051185480744623799627495673518857527248912279381830119491298336733624406566430860213949463952247371907021798609437027705392171762931767523846748184676694051320005681271452635608277857713427577896091736371787214684409012249534301465495853710507922796892589235420199561121290219608640344181598136297747713099605187072113499999983729780499510597317328160963185950244594553469083026425223082533446850352619311881710100031378387528865875332083814206171776691473035982534904287554687311595628638823537875937519577818577805321712268066130019278766111959092164201989E-42,99,16.821384429931640625000,350
3,4,3.1415926535897932384626433832795028841971693993751058209749445923078163466946902477172681652391560110100155876262763488618424886105711793416447096836295222628176404151695973829124584252567585263370412020275745118638390621539245379352912636522282066116770882853953515978299857026666382802677910515824650481253441524450293947727515712629736309422991244,5.95915187509107666601029610569721324988870059577852513559989794028900806497244989588546326436875323411381931012193661904285933407624012364638020943839745511102984955195130429952974685602815281087507804686239815751133394691975588086764616624538705587801087693496998556231494162399678925903600113305305488204665213841469519415116094330572703657595919530921861173819326117931051185480744623799627495673518857527248912279381830119491298336733624406566430860213949463952247371907021798609437027705392171762931767523846748184676694051320005681271452635608277857713427577896091736371787214684409012249534301465495853710507922796892589235420199561121290219608640344181598136297747713099605187072113499999983729780499510597317328160963185950244594553469083026425223082533446850352619311881710100031378387528865875332083814206171776691473035982534904287554687311595628638823537875937519577818577805321712268066130019278766111959092164201989E-71,213,28.486728668212890625000,350
4,6,3.1415926535897932384626433832795028841971693993751058209749445923078164062862089986280348253421170657703781137633963980211115337159020893062656742883897122553478258846453359566813026004745842707728819186664847058660449522767527214675578716122690582197547654949163799481972031424694366969285032257610127244061447145955355675497832451098443239209407436,2.2117699727498859086259823108936484929254596851197387688621024582180566025644242570441483646841575000457623262697998884938517229267662289115530021436893908830720070804004132511841787766966787570233802610001808618917200526073317376758529849301707746207678925903600113305305488204665213841469519415116094330572703657595919530921861173819326117931051185480744623799627495673518857527248912279381830119491298336733624406566430860213949463952247371907021798609437027705392171762931767523846748184676694051320005681271452635608277857713427577896091736371787214684409012249534301465495853710507922796892589235420199561121290219608640344181598136297747713099605187072113499999983729780499510597317328160963185950244594553469083026425223082533446850352619311881710100031378387528865875332083814206171776691473035982534904287554687311595628638823537875937519577818577805321712268066130019278766111959092164201989E-99,367,32.603263854980468750000,350
5,11,3.1415926535897932384626433832795028841971693993751058209749445923078164062862089986280348253421170679821480865132823066470938446095505822317253594081284811174502841027019596867552616768520830016458958817133420949508690970081244544167902418630962252504341037407364996864628391274356889293376841351332419721584842255270108438752412715810146167350436121,2.11656497020322291340467155139172845311192849356508796488061830034586978250233412884551738130393378523848007874755357304238859919682475714776192114226689937203506181853626433282477321074096399886694694511795334786158530480584883905669427296342404080469078138826180673882068948814519255376200372504326481142472751087720618169880508701663266375593433569139786050536047752628092978201390562972294607828237068232476153251815323305948679994318728547364391722142286572422103908263628212785315590987750465698534504146289492077203107410764579800438878709780391359655818401863702252286900394812927886500000016270219500489402682671839036814049755405446530916973574776917466553149647380688118289899968621612471134124667916185793828223308526964017465095712445312688404371361176462124062480422181422194678287731933869980721233888040907835798011E-170,927,48.8789081573486328125000,350
6,18,3.1415926535897932384626433832795028841971693993751058209749445923078164062862089986280348253421170679821480865132823066470938446095505822317253594081284811174502841027019385211055596446229489549303819644288109756659334461284756482337867831652712019091456485669234603486013866019349956682853277700978951381763485623690603069978766178720888213305021884,9.0677247132177253219324790433785864106580439465278678836443030907404327612131759678925903600113305305488204665213841469519415116094330572703657595919530921861173819326117931051185480744623799627495673518857527248912279381830119491298336733624406566430860213949463952247371907021798609437027705392171762931767523846748184676694051320005681271452635608277857713427577896091736371787214684409012249534301465495853710507922796892589235420199561121290219608640344181598136297747713099605187072113499999983729780499510597317328160963185950244594553469083026425223082533446850352619311881710100031378387528865875332083814206171776691473035982534904287554687311595628638823537875937519577818577805321712268066130019278766111959092164201989E-270,2131,79.2980194091796875000000,350
7,29,3.1415926535897932384626433832795028841971693993751058209749445923078164062862089986280348253421170679821480865132823066470938446095505822317253594081284811174502841027019385211055596446229489549303819644288109756659334461284756482337867831652712019091456485669234603486104543266482133936072602491412737245870066063155881748815209209628292540917153643,6.78925903600113305305488204665213841469519415116094330572703657595919530921861173819326117931051185480744623799627495673518857527248912279381830119491298336733624406566430860213949463952247371907021798609437027705392171762931767523846748184676694051320005681271452635608277857713427577896091736371787214684409012249534301465495853710507922796892589235420199561121290219608640344181598136297747713099605187072113499999983729780499510597317328160963185950244594553469083026425223082533446850352619311881710100031378387528865875332083814206171776691473035982534904287554687311595628638823537875937519577818577805321712268066130019278766111959092164201989E-350,5013,141.1798000335693359375000,350
8,48,3.1415926535897932384626433832795028841971693993751058209749445923078164062862089986280348253421170679821480865132823066470938446095505822317253594081284811174502841027019385211055596446229489549303819644288109756659334461284756482337867831652712019091456485669234603486104543266482133936072602491412737245870066063155881748815209209628292540917153643,6.78925903600113305305488204665213841469519415116094330572703657595919530921861173819326117931051185480744623799627495673518857527248912279381830119491298336733624406566430860213949463952247371907021798609437027705392171762931767523846748184676694051320005681271452635608277857713427577896091736371787214684409012249534301465495853710507922796892589235420199561121290219608640344181598136297747713099605187072113499999983729780499510597317328160963185950244594553469083026425223082533446850352619311881710100031378387528865875332083814206171776691473035982534904287554687311595628638823537875937519577818577805321712268066130019278766111959092164201989E-350,12841,220.449924468994140625000,350
9,78,3.1415926535897932384626433832795028841971693993751058209749445923078164062862089986280348253421170679821480865132823066470938446095505822317253594081284811174502841027019385211055596446229489549303819644288109756659334461284756482337867831652712019091456485669234603486104543266482133936072602491412737245870066063155881748815209209628292540917153643,6.78925903600113305305488204665213841469519415116094330572703657595919530921861173819326117931051185480744623799627495673518857527248912279381830119491298336733624406566430860213949463952247371907021798609437027705392171762931767523846748184676694051320005681271452635608277857713427577896091736371787214684409012249534301465495853710507922796892589235420199561121290219608640344181598136297747713099605187072113499999983729780499510597317328160963185950244594553469083026425223082533446850352619311881710100031378387528865875332083814206171776691473035982534904287554687311595628638823537875937519577818577805321712268066130019278766111959092164201989E-350,32551,380.480289459228515625000,350
10,127,3.1415926535897932384626433832795028841971693993751058209749445923078164062862089986280348253421170679821480865132823066470938446095505822317253594081284811174502841027019385211055596446229489549303819644288109756659334461284756482337867831652712019091456485669234603486104543266482133936072602491412737245870066063155881748815209209628292540917153643,6.78925903600113305305488204665213841469519415116094330572703657595919530921861173819326117931051185480744623799627495673518857527248912279381830119491298336733624406566430860213949463952247371907021798609437027705392171762931767523846748184676694051320005681271452635608277857713427577896091736371787214684409012249534301465495853710507922796892589235420199561121290219608640344181598136297747713099605187072113499999983729780499510597317328160963185950244594553469083026425223082533446850352619311881710100031378387528865875332083814206171776691473035982534904287554687311595628638823537875937519577818577805321712268066130019278766111959092164201989E-350,84099,598.5267162322998046875000,350
11,206,3.1415926535897932384626433832795028841971693993751058209749445923078164062862089986280348253421170679821480865132823066470938446095505822317253594081284811174502841027019385211055596446229489549303819644288109756659334461284756482337867831652712019091456485669234603486104543266482133936072602491412737245870066063155881748815209209628292540917153643,6.78925903600113305305488204665213841469519415116094330572703657595919530921861173819326117931051185480744623799627495673518857527248912279381830119491298336733624406566430860213949463952247371907021798609437027705392171762931767523846748184676694051320005681271452635608277857713427577896091736371787214684409012249534301465495853710507922796892589235420199561121290219608640344181598136297747713099605187072113499999983729780499510597317328160963185950244594553469083026425223082533446850352619311881710100031378387528865875332083814206171776691473035982534904287554687311595628638823537875937519577818577805321712268066130019278766111959092164201989E-350,217767,1008.0187320709228515625000,350
12,335,3.1415926535897932384626433832795028841971693993751058209749445923078164062862089986280348253421170679821480865132823066470938446095505822317253594081284811174502841027019385211055596446229489549303819644288109756659334461284756482337867831652712019091456485669234603486104543266482133936072602491412737245870066063155881748815209209628292540917153643,6.78925903600113305305488204665213841469519415116094330572703657595919530921861173819326117931051185480744623799627495673518857527248912279381830119491298336733624406566430860213949463952247371907021798609437027705392171762931767523846748184676694051320005681271452635608277857713427577896091736371787214684409012249534301465495853710507922796892589235420199561121290219608640344181598136297747713099605187072113499999983729780499510597317328160963185950244594553469083026425223082533446850352619311881710100031378387528865875332083814206171776691473035982534904287554687311595628638823537875937519577818577805321712268066130019278766111959092164201989E-350,570195,2029.971122741699218750000,350
13,545,3.1415926535897932384626433832795028841971693993751058209749445923078164062862089986280348253421170679821480865132823066470938446095505822317253594081284811174502841027019385211055596446229489549303819644288109756659334461284756482337867831652712019091456485669234603486104543266482133936072602491412737245870066063155881748815209209628292540917153643,6.78925903600113305305488204665213841469519415116094330572703657595919530921861173819326117931051185480744623799627495673518857527248912279381830119491298336733624406566430860213949463952247371907021798609437027705392171762931767523846748184676694051320005681271452635608277857713427577896091736371787214684409012249534301465495853710507922796892589235420199561121290219608640344181598136297747713099605187072113499999983729780499510597317328160963185950244594553469083026425223082533446850352619311881710100031378387528865875332083814206171776691473035982534904287554687311595628638823537875937519577818577805321712268066130019278766111959092164201989E-350,1499865,4536.964893341064453125000,350
14,885,3.1415926535897932384626433832795028841971693993751058209749445923078164062862089986280348253421170679821480865132823066470938446095505822317253594081284811174502841027019385211055596446229489549303819644288109756659334461284756482337867831652712019091456485669234603486104543266482133936072602491412737245870066063155881748815209209628292540917153643,6.78925903600113305305488204665213841469519415116094330572703657595919530921861173819326117931051185480744623799627495673518857527248912279381830119491298336733624406566430860213949463952247371907021798609437027705392171762931767523846748184676694051320005681271452635608277857713427577896091736371787214684409012249534301465495853710507922796892589235420199561121290219608640344181598136297747713099605187072113499999983729780499510597317328160963185950244594553469083026425223082533446850352619311881710100031378387528865875332083814206171776691473035982534904287554687311595628638823537875937519577818577805321712268066130019278766111959092164201989E-350,3940045,8732.1393489837646484375000,350
15,1438,3.1415926535897932384626433832795028841971693993751058209749445923078164062862089986280348253421170679821480865132823066470938446095505822317253594081284811174502841027019385211055596446229489549303819644288109756659334461284756482337867831652712019091456485669234603486104543266482133936072602491412737245870066063155881748815209209628292540917153643,6.78925903600113305305488204665213841469519415116094330572703657595919530921861173819326117931051185480744623799627495673518857527248912279381830119491298336733624406566430860213949463952247371907021798609437027705392171762931767523846748184676694051320005681271452635608277857713427577896091736371787214684409012249534301465495853710507922796892589235420199561121290219608640344181598136297747713099605187072113499999983729780499510597317328160963185950244594553469083026425223082533446850352619311881710100031378387528865875332083814206171776691473035982534904287554687311595628638823537875937519577818577805321712268066130019278766111959092164201989E-350,10378071,18502.6104450225830078125000,350
16,2335,3.1415926535897932384626433832795028841971693993751058209749445923078164062862089986280348253421170679821480865132823066470938446095505822317253594081284811174502841027019385211055596446229489549303819644288109756659334461284756482337867831652712019091456485669234603486104543266482133936072602491412737245870066063155881748815209209628292540917153643,6.78925903600113305305488204665213841469519415116094330572703657595919530921861173819326117931051185480744623799627495673518857527248912279381830119491298336733624406566430860213949463952247371907021798609437027705392171762931767523846748184676694051320005681271452635608277857713427577896091736371787214684409012249534301465495853710507922796892589235420199561121290219608640344181598136297747713099605187072113499999983729780499510597317328160963185950244594553469083026425223082533446850352619311881710100031378387528865875332083814206171776691473035982534904287554687311595628638823537875937519577818577805321712268066130019278766111959092164201989E-350,27324195,40504.6851634979248046875000,350
17,3792,3.1415926535897932384626433832795028841971693993751058209749445923078164062862089986280348253421170679821480865132823066470938446095505822317253594081284811174502841027019385211055596446229489549303819644288109756659334461284756482337867831652712019091456485669234603486104543266482133936072602491412737245870066063155881748815209209628292540917153643,6.78925903600113305305488204665213841469519415116094330572703657595919530921861173819326117931051185480744623799627495673518857527248912279381830119491298336733624406566430860213949463952247371907021798609437027705392171762931767523846748184676694051320005681271452635608277857713427577896091736371787214684409012249534301465495853710507922796892589235420199561121290219608640344181598136297747713099605187072113499999983729780499510597317328160963185950244594553469083026425223082533446850352619311881710100031378387528865875332083814206171776691473035982534904287554687311595628638823537875937519577818577805321712268066130019278766111959092164201989E-350,71998729,75285.8836650848388671875000,350
18,6158,3.1415926535897932384626433832795028841971693993751058209749445923078164062862089986280348253421170679821480865132823066470938446095505822317253594081284811174502841027019385211055596446229489549303819644288109756659334461284756482337867831652712019091456485669234603486104543266482133936072602491412737245870066063155881748815209209628292540917153643,6.78925903600113305305488204665213841469519415116094330572703657595919530921861173819326117931051185480744623799627495673518857527248912279381830119491298336733624406566430860213949463952247371907021798609437027705392171762931767523846748184676694051320005681271452635608277857713427577896091736371787214684409012249534301465495853710507922796892589235420199561121290219608640344181598136297747713099605187072113499999983729780499510597317328160963185950244594553469083026425223082533446850352619311881710100031378387528865875332083814206171776691473035982534904287554687311595628638823537875937519577818577805321712268066130019278766111959092164201989E-350,189771111,180377.6390552520751953125000,350
19,10000,3.1415926535897932384626433832795028841971693993751058209749445923078164062862089986280348253421170679821480865132823066470938446095505822317253594081284811174502841027019385211055596446229489549303819644288109756659334461284756482337867831652712019091456485669234603486104543266482133936072602491412737245870066063155881748815209209628292540917153643,6.78925903600113305305488204665213841469519415116094330572703657595919530921861173819326117931051185480744623799627495673518857527248912279381830119491298336733624406566430860213949463952247371907021798609437027705392171762931767523846748184676694051320005681271452635608277857713427577896091736371787214684409012249534301465495853710507922796892589235420199561121290219608640344181598136297747713099605187072113499999983729780499510597317328160963185950244594553469083026425223082533446850352619311881710100031378387528865875332083814206171776691473035982534904287554687311595628638823537875937519577818577805321712268066130019278766111959092164201989E-350,500270025,440930.8586120605468750000000,350
0,1,3.141592653589793238462643383587350688475866345996374315654905806801301450565203591105830910219290929081568436487086893567409961028317858086072809205711988513194092472346829270948630872606605731187540735805807986737347337821627344648090437229713018599278704315706396953384799127962307896878516257159975075828112733396627474930449361112537208451127125263001142132748108980760996974340210866997706852878,3.078478042786969466212684946799612144934850442789945924777960848771738610994203499738045869203161164187672758543474497975835073957438083696448907498430712279836567762571587713769970110714138916931516964143036540644418166901330557487829366047743448013140945032712560080187013512411061270810393000489284401497079543594117608951085517727367784502121765078188267200457653412685669427296342404080469078138826180673882068948814519255376200372504326481142472751087720618169880508701663266375593433569139786050536047752628092978201390562972294607828237068232476153251815323305948679994318728547364391722142286572422103908263628212785315590987750465698534504146289492077203107410764579800438878709780391359655818401863702252286900394812927886500000016270219500489402682671839036814049755405446530916973574776917466553149647380688118289899968621612471134124667916185793828223308526964017465095712445312688404371361176462124062480422181422194678287731933869980721233888040907835798011E-28,57,12.4619007110595703125000,400
1,1,3.141592653589793238462643383587350688475866345996374315654905806801301450565203591105830910219290929081568436487086893567409961028317858086072809205711988513194092472346829270948630872606605731187540735805807986737347337821627344648090437229713018599278704315706396953384799127962307896878516257159975075828112733396627474930449361112537208451127125263001142132748108980760996974340210866997706852878,3.078478042786969466212684946799612144934850442789945924777960848771738610994203499738045869203161164187672758543474497975835073957438083696448907498430712279836567762571587713769970110714138916931516964143036540644418166901330557487829366047743448013140945032712560080187013512411061270810393000489284401497079543594117608951085517727367784502121765078188267200457653412685669427296342404080469078138826180673882068948814519255376200372504326481142472751087720618169880508701663266375593433569139786050536047752628092978201390562972294607828237068232476153251815323305948679994318728547364391722142286572422103908263628212785315590987750465698534504146289492077203107410764579800438878709780391359655818401863702252286900394812927886500000016270219500489402682671839036814049755405446530916973574776917466553149647380688118289899968621612471134124667916185793828223308526964017465095712445312688404371361176462124062480422181422194678287731933869980721233888040907835798011E-28,57,8.63075256347656250000,400
2,2,3.141592653589793238462643383279502884197167678854846287912727790370642977335176958726922911495373797085148288283429580938084201976736722782845176808063266464709427777612186511944343644032215434817364498373252736342848463373494607816555413528695806011321921142724234418075923552223154228912681187367465354354020634944118900064316068211487508245804880372571124210918677572683756535316687139790637867757,1.7205202595330622168019371734289510320399011119138467432708969997982298527257090096426328138594488801826000652146527408563250897520091612160005907335201130174660555582393230849827549810404172313696365753958978237274241992259305345307744250591646945790617738083702329859713714692748172048527513417458459104839953214661490926529578650639312046970071613036438524330572703657595919530921861173819326117931051185480744623799627495673518857527248912279381830119491298336733624406566430860213949463952247371907021798609437027705392171762931767523846748184676694051320005681271452635608277857713427577896091736371787214684409012249534301465495853710507922796892589235420199561121290219608640344181598136297747713099605187072113499999983729780499510597317328160963185950244594553469083026425223082533446850352619311881710100031378387528865875332083814206171776691473035982534904287554687311595628638823537875937519577818577805321712268066130019278766111959092164201989E-42,99,20.7021236419677734375000,400
3,4,3.141592653589793238462643383279502884197169399375105820974944592307816346694690247717268165239156011010015587626276348861842488610571179341644709683629522262817640415169597382912458425256758526337041202027574511863839062153924537935291263652228206611677088285395351597829985702666638280267791051582465048125344152445029394772751571262973630942299124316362282710959409088261159289082595329675897987657,5.95915187509107666601029610569721324988870059577852513559989794028900806497244989588546326436875323411381931012193661904285933407624012364638020943839745511102984955195130429952974685602815281087507804686239815751133394691975588086764616624538705587801087693496998556231494162400515303076490519214422876611774387888172760435239524330572703657595919530921861173819326117931051185480744623799627495673518857527248912279381830119491298336733624406566430860213949463952247371907021798609437027705392171762931767523846748184676694051320005681271452635608277857713427577896091736371787214684409012249534301465495853710507922796892589235420199561121290219608640344181598136297747713099605187072113499999983729780499510597317328160963185950244594553469083026425223082533446850352619311881710100031378387528865875332083814206171776691473035982534904287554687311595628638823537875937519577818577805321712268066130019278766111959092164201989E-71,213,31.4023494720458984375000,400
4,6,3.141592653589793238462643383279502884197169399375105820974944592307816406286208998628034825342117065770378113763396398021111533715902089306265674288389712255347825884645335956681302600474584270772881918666484705866044952276752721467557871612269058219754765494916379948197203142469436696928503225761012724406144714595535567549783245109844323920940743579388558082562734967137801547218231698749510132550,2.2117699727498859086259823108936484929254596851197387688621024582180566025644242570441483646841575000457623262697998884938517229267662289115530021436893908830720070804004132511841787766966787570233802610001808618917200526073317376758529849301707746207885040322774485955634110189193031524482024313790594330572703657595919530921861173819326117931051185480744623799627495673518857527248912279381830119491298336733624406566430860213949463952247371907021798609437027705392171762931767523846748184676694051320005681271452635608277857713427577896091736371787214684409012249534301465495853710507922796892589235420199561121290219608640344181598136297747713099605187072113499999983729780499510597317328160963185950244594553469083026425223082533446850352619311881710100031378387528865875332083814206171776691473035982534904287554687311595628638823537875937519577818577805321712268066130019278766111959092164201989E-99,367,41.7501926422119140625000,400
5,11,3.141592653589793238462643383279502884197169399375105820974944592307816406286208998628034825342117067982148086513282306647093844609550582231725359408128481117450284102701959686755261676852083001645895881713342094950869097008124454416790241863096225250434103740736499686462839127435688929337684135133241972158484225527010843875241271581014616735043612186888575044317582956851032665027158838165348388698,2.11656497020322291340467155139172845311192849356508796488061830034586978250233412884551738130393378523848007874755357304238859919682475714776192114226689937203506181853626433282478189959846843062524263022121985057746912134068770885669427296342404080469078138826180673882068948814519255376200372504326481142472751087720618169880508701663266375593433569139786050536047752628092978201390562972294607828237068232476153251815323305948679994318728547364391722142286572422103908263628212785315590987750465698534504146289492077203107410764579800438878709780391359655818401863702252286900394812927886500000016270219500489402682671839036814049755405446530916973574776917466553149647380688118289899968621612471134124667916185793828223308526964017465095712445312688404371361176462124062480422181422194678287731933869980721233888040907835798011E-170,927,69.4575309753417968750000,400
6,18,3.141592653589793238462643383279502884197169399375105820974944592307816406286208998628034825342117067982148086513282306647093844609550582231725359408128481117450284102701938521105559644622948954930381964428810975665933446128475648233786783165271201909145648566923460348601386601934995668285327770097895138176348562369060306997876617872088821330502188488829313901083932554397038235520747769009206053527,9.0677247132177253219324790433785864106580439465278678836443030907404327612131758790632764589273979761517822310006363779427354580824330572703657595919530921861173819326117931051185480744623799627495673518857527248912279381830119491298336733624406566430860213949463952247371907021798609437027705392171762931767523846748184676694051320005681271452635608277857713427577896091736371787214684409012249534301465495853710507922796892589235420199561121290219608640344181598136297747713099605187072113499999983729780499510597317328160963185950244594553469083026425223082533446850352619311881710100031378387528865875332083814206171776691473035982534904287554687311595628638823537875937519577818577805321712268066130019278766111959092164201989E-270,2131,94.4070816040039062500000,400
7,29,3.141592653589793238462643383279502884197169399375105820974944592307816406286208998628034825342117067982148086513282306647093844609550582231725359408128481117450284102701938521105559644622948954930381964428810975665933446128475648233786783165271201909145648566923460348610454326648213393607260249141273724587006606315588174881520920962829254091715364367892590360011330530548820466521384146951941511611,1.5669427296342404080469078138826180673882068948814519255376200372504326481142472751087720618169880508701663266375593433569139786050536047752628092978201390562972294607828237068232476153251815323305948679994318728547364391722142286572422103908263628212785315590987750465698534504146289492077203107410764579800438878709780391359655818401863702252286900394812927886500000016270219500489402682671839036814049755405446530916973574776917466553149647380688118289899968621612471134124667916185793828223308526964017465095712445312688404371361176462124062480422181422194678287731933869980721233888040907835798011E-399,5013,172.4216938018798828125000,400
8,48,3.141592653589793238462643383279502884197169399375105820974944592307816406286208998628034825342117067982148086513282306647093844609550582231725359408128481117450284102701938521105559644622948954930381964428810975665933446128475648233786783165271201909145648566923460348610454326648213393607260249141273724587006606315588174881520920962829254091715364367892590360011330530548820466521384146951941511611,1.5669427296342404080469078138826180673882068948814519255376200372504326481142472751087720618169880508701663266375593433569139786050536047752628092978201390562972294607828237068232476153251815323305948679994318728547364391722142286572422103908263628212785315590987750465698534504146289492077203107410764579800438878709780391359655818401863702252286900394812927886500000016270219500489402682671839036814049755405446530916973574776917466553149647380688118289899968621612471134124667916185793828223308526964017465095712445312688404371361176462124062480422181422194678287731933869980721233888040907835798011E-399,12841,283.7421894073486328125000,400
9,78,3.141592653589793238462643383279502884197169399375105820974944592307816406286208998628034825342117067982148086513282306647093844609550582231725359408128481117450284102701938521105559644622948954930381964428810975665933446128475648233786783165271201909145648566923460348610454326648213393607260249141273724587006606315588174881520920962829254091715364367892590360011330530548820466521384146951941511611,1.5669427296342404080469078138826180673882068948814519255376200372504326481142472751087720618169880508701663266375593433569139786050536047752628092978201390562972294607828237068232476153251815323305948679994318728547364391722142286572422103908263628212785315590987750465698534504146289492077203107410764579800438878709780391359655818401863702252286900394812927886500000016270219500489402682671839036814049755405446530916973574776917466553149647380688118289899968621612471134124667916185793828223308526964017465095712445312688404371361176462124062480422181422194678287731933869980721233888040907835798011E-399,32551,441.7431354522705078125000,400
10,127,3.141592653589793238462643383279502884197169399375105820974944592307816406286208998628034825342117067982148086513282306647093844609550582231725359408128481117450284102701938521105559644622948954930381964428810975665933446128475648233786783165271201909145648566923460348610454326648213393607260249141273724587006606315588174881520920962829254091715364367892590360011330530548820466521384146951941511611,1.5669427296342404080469078138826180673882068948814519255376200372504326481142472751087720618169880508701663266375593433569139786050536047752628092978201390562972294607828237068232476153251815323305948679994318728547364391722142286572422103908263628212785315590987750465698534504146289492077203107410764579800438878709780391359655818401863702252286900394812927886500000016270219500489402682671839036814049755405446530916973574776917466553149647380688118289899968621612471134124667916185793828223308526964017465095712445312688404371361176462124062480422181422194678287731933869980721233888040907835798011E-399,84099,739.1412258148193359375000,400
11,206,3.141592653589793238462643383279502884197169399375105820974944592307816406286208998628034825342117067982148086513282306647093844609550582231725359408128481117450284102701938521105559644622948954930381964428810975665933446128475648233786783165271201909145648566923460348610454326648213393607260249141273724587006606315588174881520920962829254091715364367892590360011330530548820466521384146951941511611,1.5669427296342404080469078138826180673882068948814519255376200372504326481142472751087720618169880508701663266375593433569139786050536047752628092978201390562972294607828237068232476153251815323305948679994318728547364391722142286572422103908263628212785315590987750465698534504146289492077203107410764579800438878709780391359655818401863702252286900394812927886500000016270219500489402682671839036814049755405446530916973574776917466553149647380688118289899968621612471134124667916185793828223308526964017465095712445312688404371361176462124062480422181422194678287731933869980721233888040907835798011E-399,217767,1289.7770404815673828125000,400
12,335,3.141592653589793238462643383279502884197169399375105820974944592307816406286208998628034825342117067982148086513282306647093844609550582231725359408128481117450284102701938521105559644622948954930381964428810975665933446128475648233786783165271201909145648566923460348610454326648213393607260249141273724587006606315588174881520920962829254091715364367892590360011330530548820466521384146951941511611,1.5669427296342404080469078138826180673882068948814519255376200372504326481142472751087720618169880508701663266375593433569139786050536047752628092978201390562972294607828237068232476153251815323305948679994318728547364391722142286572422103908263628212785315590987750465698534504146289492077203107410764579800438878709780391359655818401863702252286900394812927886500000016270219500489402682671839036814049755405446530916973574776917466553149647380688118289899968621612471134124667916185793828223308526964017465095712445312688404371361176462124062480422181422194678287731933869980721233888040907835798011E-399,570195,2253.877162933349609375000,400
13,545,3.141592653589793238462643383279502884197169399375105820974944592307816406286208998628034825342117067982148086513282306647093844609550582231725359408128481117450284102701938521105559644622948954930381964428810975665933446128475648233786783165271201909145648566923460348610454326648213393607260249141273724587006606315588174881520920962829254091715364367892590360011330530548820466521384146951941511611,1.5669427296342404080469078138826180673882068948814519255376200372504326481142472751087720618169880508701663266375593433569139786050536047752628092978201390562972294607828237068232476153251815323305948679994318728547364391722142286572422103908263628212785315590987750465698534504146289492077203107410764579800438878709780391359655818401863702252286900394812927886500000016270219500489402682671839036814049755405446530916973574776917466553149647380688118289899968621612471134124667916185793828223308526964017465095712445312688404371361176462124062480422181422194678287731933869980721233888040907835798011E-399,1499865,4095.3395366668701171875000,400
14,885,3.141592653589793238462643383279502884197169399375105820974944592307816406286208998628034825342117067982148086513282306647093844609550582231725359408128481117450284102701938521105559644622948954930381964428810975665933446128475648233786783165271201909145648566923460348610454326648213393607260249141273724587006606315588174881520920962829254091715364367892590360011330530548820466521384146951941511611,1.5669427296342404080469078138826180673882068948814519255376200372504326481142472751087720618169880508701663266375593433569139786050536047752628092978201390562972294607828237068232476153251815323305948679994318728547364391722142286572422103908263628212785315590987750465698534504146289492077203107410764579800438878709780391359655818401863702252286900394812927886500000016270219500489402682671839036814049755405446530916973574776917466553149647380688118289899968621612471134124667916185793828223308526964017465095712445312688404371361176462124062480422181422194678287731933869980721233888040907835798011E-399,3940045,7869.7397708892822265625000,400
15,1438,3.141592653589793238462643383279502884197169399375105820974944592307816406286208998628034825342117067982148086513282306647093844609550582231725359408128481117450284102701938521105559644622948954930381964428810975665933446128475648233786783165271201909145648566923460348610454326648213393607260249141273724587006606315588174881520920962829254091715364367892590360011330530548820466521384146951941511611,1.5669427296342404080469078138826180673882068948814519255376200372504326481142472751087720618169880508701663266375593433569139786050536047752628092978201390562972294607828237068232476153251815323305948679994318728547364391722142286572422103908263628212785315590987750465698534504146289492077203107410764579800438878709780391359655818401863702252286900394812927886500000016270219500489402682671839036814049755405446530916973574776917466553149647380688118289899968621612471134124667916185793828223308526964017465095712445312688404371361176462124062480422181422194678287731933869980721233888040907835798011E-399,10378071,16027.504444122314453125000,400
16,2335,3.141592653589793238462643383279502884197169399375105820974944592307816406286208998628034825342117067982148086513282306647093844609550582231725359408128481117450284102701938521105559644622948954930381964428810975665933446128475648233786783165271201909145648566923460348610454326648213393607260249141273724587006606315588174881520920962829254091715364367892590360011330530548820466521384146951941511611,1.5669427296342404080469078138826180673882068948814519255376200372504326481142472751087720618169880508701663266375593433569139786050536047752628092978201390562972294607828237068232476153251815323305948679994318728547364391722142286572422103908263628212785315590987750465698534504146289492077203107410764579800438878709780391359655818401863702252286900394812927886500000016270219500489402682671839036814049755405446530916973574776917466553149647380688118289899968621612471134124667916185793828223308526964017465095712445312688404371361176462124062480422181422194678287731933869980721233888040907835798011E-399,27324195,34447.1776485443115234375000,400
17,3792,3.141592653589793238462643383279502884197169399375105820974944592307816406286208998628034825342117067982148086513282306647093844609550582231725359408128481117450284102701938521105559644622948954930381964428810975665933446128475648233786783165271201909145648566923460348610454326648213393607260249141273724587006606315588174881520920962829254091715364367892590360011330530548820466521384146951941511611,1.5669427296342404080469078138826180673882068948814519255376200372504326481142472751087720618169880508701663266375593433569139786050536047752628092978201390562972294607828237068232476153251815323305948679994318728547364391722142286572422103908263628212785315590987750465698534504146289492077203107410764579800438878709780391359655818401863702252286900394812927886500000016270219500489402682671839036814049755405446530916973574776917466553149647380688118289899968621612471134124667916185793828223308526964017465095712445312688404371361176462124062480422181422194678287731933869980721233888040907835798011E-399,71998729,79077.5525569915771484375000,400
18,6158,3.141592653589793238462643383279502884197169399375105820974944592307816406286208998628034825342117067982148086513282306647093844609550582231725359408128481117450284102701938521105559644622948954930381964428810975665933446128475648233786783165271201909145648566923460348610454326648213393607260249141273724587006606315588174881520920962829254091715364367892590360011330530548820466521384146951941511611,1.5669427296342404080469078138826180673882068948814519255376200372504326481142472751087720618169880508701663266375593433569139786050536047752628092978201390562972294607828237068232476153251815323305948679994318728547364391722142286572422103908263628212785315590987750465698534504146289492077203107410764579800438878709780391359655818401863702252286900394812927886500000016270219500489402682671839036814049755405446530916973574776917466553149647380688118289899968621612471134124667916185793828223308526964017465095712445312688404371361176462124062480422181422194678287731933869980721233888040907835798011E-399,189771111,189437.073230743408203125000,400
19,10000,3.141592653589793238462643383279502884197169399375105820974944592307816406286208998628034825342117067982148086513282306647093844609550582231725359408128481117450284102701938521105559644622948954930381964428810975665933446128475648233786783165271201909145648566923460348610454326648213393607260249141273724587006606315588174881520920962829254091715364367892590360011330530548820466521384146951941511611,1.5669427296342404080469078138826180673882068948814519255376200372504326481142472751087720618169880508701663266375593433569139786050536047752628092978201390562972294607828237068232476153251815323305948679994318728547364391722142286572422103908263628212785315590987750465698534504146289492077203107410764579800438878709780391359655818401863702252286900394812927886500000016270219500489402682671839036814049755405446530916973574776917466553149647380688118289899968621612471134124667916185793828223308526964017465095712445312688404371361176462124062480422181422194678287731933869980721233888040907835798011E-399,500270025,464611.32812500000000000000,400
0,1,3.14159265358979323846264338358735068847586634599637431565490580680130145056520359110583091021929092908156843648708689356740996102831785808607280920571198851319409247234682927094863087260660573118754073580580798673734733782162734464809043722971301859927870431570639695338479912796230789687851625715997507582811273339662747493044936111253720845112712526300114213274810898076099697434021086699770685287721931465445324871649580545772922927522414700635647,3.078478042786969466212684946799612144934850442789945924777960848771738610994203499738045869203161164187672758543474497975835073957438083696448907498430712279836567762571587713769970110714138916931516964143036540644418166901330557487829366047743448013140945032712560080187013512411061270810393000489284401497079543594117608951085517727367784502121765078188267200457653412677862573840874891245427132716118473426123539012379219255376200372504326481142472751087720618169880508701663266375593433569139786050536047752628092978201390562972294607828237068232476153251815323305948679994318728547364391722142286572422103908263628212785315590987750465698534504146289492077203107410764579800438878709780391359655818401863702252286900394812927886500000016270219500489402682671839036814049755405446530916973574776917466553149647380688118289899968621612471134124667916185793828223308526964017465095712445312688404371361176462124062480422181422194678287731933869980721233888040907835798011E-28,57,16.531467437744140625000,450
1,1,3.14159265358979323846264338358735068847586634599637431565490580680130145056520359110583091021929092908156843648708689356740996102831785808607280920571198851319409247234682927094863087260660573118754073580580798673734733782162734464809043722971301859927870431570639695338479912796230789687851625715997507582811273339662747493044936111253720845112712526300114213274810898076099697434021086699770685287721931465445324871649580545772922927522414700635647,3.078478042786969466212684946799612144934850442789945924777960848771738610994203499738045869203161164187672758543474497975835073957438083696448907498430712279836567762571587713769970110714138916931516964143036540644418166901330557487829366047743448013140945032712560080187013512411061270810393000489284401497079543594117608951085517727367784502121765078188267200457653412677862573840874891245427132716118473426123539012379219255376200372504326481142472751087720618169880508701663266375593433569139786050536047752628092978201390562972294607828237068232476153251815323305948679994318728547364391722142286572422103908263628212785315590987750465698534504146289492077203107410764579800438878709780391359655818401863702252286900394812927886500000016270219500489402682671839036814049755405446530916973574776917466553149647380688118289899968621612471134124667916185793828223308526964017465095712445312688404371361176462124062480422181422194678287731933869980721233888040907835798011E-28,57,32.986640930175781250000,450
2,2,3.14159265358979323846264338327950288419716767885484628791272779037064297733517695872692291149537379708514828828342958093808420197673672278284517680806326646470942777761218651194434364403221543481736449837325273634284846337349460781655541352869580601132192114272423441807592355222315422891268118736746535435402063494411890006431606821148750824580488037257112421091867757268375653531668713979063786775633396002645186550481757394022040546423045570211225,1.7205202595330622168019371734289510320399011119138467432708969997982298527257090096426328138594488801826000652146527408563250897520091612160005907335201130174660555582393230849827549810404172313696365753958978237274241992259305345307744250591646945790617738083702329859713714692748172048527513417458459104839953214661490926529578650639312046970071613036438530990972439138940871355182458969764683813374030062980744623799627495673518857527248912279381830119491298336733624406566430860213949463952247371907021798609437027705392171762931767523846748184676694051320005681271452635608277857713427577896091736371787214684409012249534301465495853710507922796892589235420199561121290219608640344181598136297747713099605187072113499999983729780499510597317328160963185950244594553469083026425223082533446850352619311881710100031378387528865875332083814206171776691473035982534904287554687311595628638823537875937519577818577805321712268066130019278766111959092164201989E-42,99,25.7508754730224609375000,450
3,4,3.14159265358979323846264338327950288419716939937510582097494459230781634669469024771726816523915601101001558762627634886184248861057117934164470968362952226281764041516959738291245842525675852633704120202757451186383906215392453793529126365222820661167708828539535159782998570266663828026779105158246504812534415244502939477275157126297363094229912431636228271095940908826115928908259532967589798765528256311173964604179348712361960956141205098733760,5.95915187509107666601029610569721324988870059577852513559989794028900806497244989588546326436875323411381931012193661904285933407624012364638020943839745511102984955195130429952974685602815281087507804686239815751133394691975588086764616624538705587801087693496998556231494162400515303076490519214422876611774387888172760435239541504941586261135501596050624977723711997421177809480744623799627495673518857527248912279381830119491298336733624406566430860213949463952247371907021798609437027705392171762931767523846748184676694051320005681271452635608277857713427577896091736371787214684409012249534301465495853710507922796892589235420199561121290219608640344181598136297747713099605187072113499999983729780499510597317328160963185950244594553469083026425223082533446850352619311881710100031378387528865875332083814206171776691473035982534904287554687311595628638823537875937519577818577805321712268066130019278766111959092164201989E-71,213,40.6637191772460937500000,450
4,6,3.14159265358979323846264338327950288419716939937510582097494459230781640628620899862803482534211706577037811376339639802111153371590208930626567428838971225534782588464533595668130260047458427077288191866648470586604495227675272146755787161226905821975476549491637994819720314246943669692850322576101272440614471459553556754978324510984432392094074357938855808256273496713780154721823169874951013254725986029009153627851900304993354751591437288746384,2.2117699727498859086259823108936484929254596851197387688621024582180566025644242570441483646841575000457623262697998884938517229267662289115530021436893908830720070804004132511841787766966787570233802610001808618917200526073317376758529849301707746207885040322774485955634110189193031524482024313790621731969802742233134340891361838344166974202176547080744623799627495673518857527248912279381830119491298336733624406566430860213949463952247371907021798609437027705392171762931767523846748184676694051320005681271452635608277857713427577896091736371787214684409012249534301465495853710507922796892589235420199561121290219608640344181598136297747713099605187072113499999983729780499510597317328160963185950244594553469083026425223082533446850352619311881710100031378387528865875332083814206171776691473035982534904287554687311595628638823537875937519577818577805321712268066130019278766111959092164201989E-99,367,42.3007011413574218750000,450
5,11,3.14159265358979323846264338327950288419716939937510582097494459230781640628620899862803482534211706798214808651328230664709384460955058223172535940812848111745028410270195968675526167685208300164589588171334209495086909700812445441679024186309622525043410374073649968646283912743568892933768413513324197215848422552701084387524127158101461673504361218688857504431758295685103266502715883816534838869541872266847578866970655187799998542167306332692384,2.11656497020322291340467155139172845311192849356508796488061830034586978250233412884551738130393378523848007874755357304238859919682475714776192114226689937203506181853626433282478189959846843062524263022121985057746912134068770859856653981100290777534596918826034890612702218052919255376200372504326481142472751087720618169880508701663266375593433569139786050536047752628092978201390562972294607828237068232476153251815323305948679994318728547364391722142286572422103908263628212785315590987750465698534504146289492077203107410764579800438878709780391359655818401863702252286900394812927886500000016270219500489402682671839036814049755405446530916973574776917466553149647380688118289899968621612471134124667916185793828223308526964017465095712445312688404371361176462124062480422181422194678287731933869980721233888040907835798011E-170,927,109.8167896270751953125000,450
6,18,3.14159265358979323846264338327950288419716939937510582097494459230781640628620899862803482534211706798214808651328230664709384460955058223172535940812848111745028410270193852110555964462294895493038196442881097566593344612847564823378678316527120190914564856692346034860138660193499566828532777009789513817634856236906030699787661787208882133050218848882931390108393255439703823552074776900920605352527551557394031642428170854349393498846250639736860,9.0677247132177253219324790433785864106580439465278678836443030907404327612131758790632764589273979761517822310006363779427354580841575416964254431676713836426234469441492867077499480744623799627495673518857527248912279381830119491298336733624406566430860213949463952247371907021798609437027705392171762931767523846748184676694051320005681271452635608277857713427577896091736371787214684409012249534301465495853710507922796892589235420199561121290219608640344181598136297747713099605187072113499999983729780499510597317328160963185950244594553469083026425223082533446850352619311881710100031378387528865875332083814206171776691473035982534904287554687311595628638823537875937519577818577805321712268066130019278766111959092164201989E-270,2131,144.1943645477294921875000,450
7,29,3.14159265358979323846264338327950288419716939937510582097494459230781640628620899862803482534211706798214808651328230664709384460955058223172535940812848111745028410270193852110555964462294895493038196442881097566593344612847564823378678316527120190914564856692346034861045432664821339360726024914127372458700660631558817488152092096282925409171536436789259036001133053054882046652138414695194151160943305727036575959195309219339844785886846293480610,7.2810659262566698296875519255376200372504326481142472751087720618169880508701663266375593433569139786050536047752628092978201390562972294607828237068232476153251815323305948679994318728547364391722142286572422103908263628212785315590987750465698534504146289492077203107410764579800438878709780391359655818401863702252286900394812927886500000016270219500489402682671839036814049755405446530916973574776917466553149647380688118289899968621612471134124667916185793828223308526964017465095712445312688404371361176462124062480422181422194678287731933869980721233888040907835798011E-426,5013,235.3057861328125000000000,450
8,48,3.14159265358979323846264338327950288419716939937510582097494459230781640628620899862803482534211706798214808651328230664709384460955058223172535940812848111745028410270193852110555964462294895493038196442881097566593344612847564823378678316527120190914564856692346034861045432664821339360726024914127372458700660631558817488152092096282925409171536436789259036001133053054882046652138414695194151160943305727036575959195309218611738193261179310511853,1.80744623799627495673518857527248912279381830119491298336733624406566430860213949463952247371907021798609437027705392171762931767523846748184676694051320005681271452635608277857713427577896091736371787214684409012249534301465495853710507922796892589235420199561121290219608640344181598136297747713099605187072113499999983729780499510597317328160963185950244594553469083026425223082533446850352619311881710100031378387528865875332083814206171776691473035982534904287554687311595628638823537875937519577818577805321712268066130019278766111959092164201989E-449,12841,361.6375923156738281250000,450
9,78,3.14159265358979323846264338327950288419716939937510582097494459230781640628620899862803482534211706798214808651328230664709384460955058223172535940812848111745028410270193852110555964462294895493038196442881097566593344612847564823378678316527120190914564856692346034861045432664821339360726024914127372458700660631558817488152092096282925409171536436789259036001133053054882046652138414695194151160943305727036575959195309218611738193261179310511853,1.80744623799627495673518857527248912279381830119491298336733624406566430860213949463952247371907021798609437027705392171762931767523846748184676694051320005681271452635608277857713427577896091736371787214684409012249534301465495853710507922796892589235420199561121290219608640344181598136297747713099605187072113499999983729780499510597317328160963185950244594553469083026425223082533446850352619311881710100031378387528865875332083814206171776691473035982534904287554687311595628638823537875937519577818577805321712268066130019278766111959092164201989E-449,32551,613.8858795166015625000000,450
10,127,3.14159265358979323846264338327950288419716939937510582097494459230781640628620899862803482534211706798214808651328230664709384460955058223172535940812848111745028410270193852110555964462294895493038196442881097566593344612847564823378678316527120190914564856692346034861045432664821339360726024914127372458700660631558817488152092096282925409171536436789259036001133053054882046652138414695194151160943305727036575959195309218611738193261179310511853,1.80744623799627495673518857527248912279381830119491298336733624406566430860213949463952247371907021798609437027705392171762931767523846748184676694051320005681271452635608277857713427577896091736371787214684409012249534301465495853710507922796892589235420199561121290219608640344181598136297747713099605187072113499999983729780499510597317328160963185950244594553469083026425223082533446850352619311881710100031378387528865875332083814206171776691473035982534904287554687311595628638823537875937519577818577805321712268066130019278766111959092164201989E-449,84099,1037.3606681823730468750000,450
11,206,3.14159265358979323846264338327950288419716939937510582097494459230781640628620899862803482534211706798214808651328230664709384460955058223172535940812848111745028410270193852110555964462294895493038196442881097566593344612847564823378678316527120190914564856692346034861045432664821339360726024914127372458700660631558817488152092096282925409171536436789259036001133053054882046652138414695194151160943305727036575959195309218611738193261179310511853,1.80744623799627495673518857527248912279381830119491298336733624406566430860213949463952247371907021798609437027705392171762931767523846748184676694051320005681271452635608277857713427577896091736371787214684409012249534301465495853710507922796892589235420199561121290219608640344181598136297747713099605187072113499999983729780499510597317328160963185950244594553469083026425223082533446850352619311881710100031378387528865875332083814206171776691473035982534904287554687311595628638823537875937519577818577805321712268066130019278766111959092164201989E-449,217767,1708.2443237304687500000000,450
12,335,3.14159265358979323846264338327950288419716939937510582097494459230781640628620899862803482534211706798214808651328230664709384460955058223172535940812848111745028410270193852110555964462294895493038196442881097566593344612847564823378678316527120190914564856692346034861045432664821339360726024914127372458700660631558817488152092096282925409171536436789259036001133053054882046652138414695194151160943305727036575959195309218611738193261179310511853,1.80744623799627495673518857527248912279381830119491298336733624406566430860213949463952247371907021798609437027705392171762931767523846748184676694051320005681271452635608277857713427577896091736371787214684409012249534301465495853710507922796892589235420199561121290219608640344181598136297747713099605187072113499999983729780499510597317328160963185950244594553469083026425223082533446850352619311881710100031378387528865875332083814206171776691473035982534904287554687311595628638823537875937519577818577805321712268066130019278766111959092164201989E-449,570195,2997.6572990417480468750000,450
13,545,3.14159265358979323846264338327950288419716939937510582097494459230781640628620899862803482534211706798214808651328230664709384460955058223172535940812848111745028410270193852110555964462294895493038196442881097566593344612847564823378678316527120190914564856692346034861045432664821339360726024914127372458700660631558817488152092096282925409171536436789259036001133053054882046652138414695194151160943305727036575959195309218611738193261179310511853,1.80744623799627495673518857527248912279381830119491298336733624406566430860213949463952247371907021798609437027705392171762931767523846748184676694051320005681271452635608277857713427577896091736371787214684409012249534301465495853710507922796892589235420199561121290219608640344181598136297747713099605187072113499999983729780499510597317328160963185950244594553469083026425223082533446850352619311881710100031378387528865875332083814206171776691473035982534904287554687311595628638823537875937519577818577805321712268066130019278766111959092164201989E-449,1499865,5276.5419483184814453125000,450
14,885,3.14159265358979323846264338327950288419716939937510582097494459230781640628620899862803482534211706798214808651328230664709384460955058223172535940812848111745028410270193852110555964462294895493038196442881097566593344612847564823378678316527120190914564856692346034861045432664821339360726024914127372458700660631558817488152092096282925409171536436789259036001133053054882046652138414695194151160943305727036575959195309218611738193261179310511853,1.80744623799627495673518857527248912279381830119491298336733624406566430860213949463952247371907021798609437027705392171762931767523846748184676694051320005681271452635608277857713427577896091736371787214684409012249534301465495853710507922796892589235420199561121290219608640344181598136297747713099605187072113499999983729780499510597317328160963185950244594553469083026425223082533446850352619311881710100031378387528865875332083814206171776691473035982534904287554687311595628638823537875937519577818577805321712268066130019278766111959092164201989E-449,3940045,9818.1593418121337890625000,450
15,1438,3.14159265358979323846264338327950288419716939937510582097494459230781640628620899862803482534211706798214808651328230664709384460955058223172535940812848111745028410270193852110555964462294895493038196442881097566593344612847564823378678316527120190914564856692346034861045432664821339360726024914127372458700660631558817488152092096282925409171536436789259036001133053054882046652138414695194151160943305727036575959195309218611738193261179310511853,1.80744623799627495673518857527248912279381830119491298336733624406566430860213949463952247371907021798609437027705392171762931767523846748184676694051320005681271452635608277857713427577896091736371787214684409012249534301465495853710507922796892589235420199561121290219608640344181598136297747713099605187072113499999983729780499510597317328160963185950244594553469083026425223082533446850352619311881710100031378387528865875332083814206171776691473035982534904287554687311595628638823537875937519577818577805321712268066130019278766111959092164201989E-449,10378071,19565.9599304199218750000000,450
16,2335,3.14159265358979323846264338327950288419716939937510582097494459230781640628620899862803482534211706798214808651328230664709384460955058223172535940812848111745028410270193852110555964462294895493038196442881097566593344612847564823378678316527120190914564856692346034861045432664821339360726024914127372458700660631558817488152092096282925409171536436789259036001133053054882046652138414695194151160943305727036575959195309218611738193261179310511853,1.80744623799627495673518857527248912279381830119491298336733624406566430860213949463952247371907021798609437027705392171762931767523846748184676694051320005681271452635608277857713427577896091736371787214684409012249534301465495853710507922796892589235420199561121290219608640344181598136297747713099605187072113499999983729780499510597317328160963185950244594553469083026425223082533446850352619311881710100031378387528865875332083814206171776691473035982534904287554687311595628638823537875937519577818577805321712268066130019278766111959092164201989E-449,27324195,41181.3263893127441406250000,450
17,3792,3.14159265358979323846264338327950288419716939937510582097494459230781640628620899862803482534211706798214808651328230664709384460955058223172535940812848111745028410270193852110555964462294895493038196442881097566593344612847564823378678316527120190914564856692346034861045432664821339360726024914127372458700660631558817488152092096282925409171536436789259036001133053054882046652138414695194151160943305727036575959195309218611738193261179310511853,1.80744623799627495673518857527248912279381830119491298336733624406566430860213949463952247371907021798609437027705392171762931767523846748184676694051320005681271452635608277857713427577896091736371787214684409012249534301465495853710507922796892589235420199561121290219608640344181598136297747713099605187072113499999983729780499510597317328160963185950244594553469083026425223082533446850352619311881710100031378387528865875332083814206171776691473035982534904287554687311595628638823537875937519577818577805321712268066130019278766111959092164201989E-449,71998729,89798.9258766174316406250000,450
18,6158,3.14159265358979323846264338327950288419716939937510582097494459230781640628620899862803482534211706798214808651328230664709384460955058223172535940812848111745028410270193852110555964462294895493038196442881097566593344612847564823378678316527120190914564856692346034861045432664821339360726024914127372458700660631558817488152092096282925409171536436789259036001133053054882046652138414695194151160943305727036575959195309218611738193261179310511853,1.80744623799627495673518857527248912279381830119491298336733624406566430860213949463952247371907021798609437027705392171762931767523846748184676694051320005681271452635608277857713427577896091736371787214684409012249534301465495853710507922796892589235420199561121290219608640344181598136297747713099605187072113499999983729780499510597317328160963185950244594553469083026425223082533446850352619311881710100031378387528865875332083814206171776691473035982534904287554687311595628638823537875937519577818577805321712268066130019278766111959092164201989E-449,189771111,204224.9965667724609375000000,450
19,10000,3.14159265358979323846264338327950288419716939937510582097494459230781640628620899862803482534211706798214808651328230664709384460955058223172535940812848111745028410270193852110555964462294895493038196442881097566593344612847564823378678316527120190914564856692346034861045432664821339360726024914127372458700660631558817488152092096282925409171536436789259036001133053054882046652138414695194151160943305727036575959195309218611738193261179310511853,1.80744623799627495673518857527248912279381830119491298336733624406566430860213949463952247371907021798609437027705392171762931767523846748184676694051320005681271452635608277857713427577896091736371787214684409012249534301465495853710507922796892589235420199561121290219608640344181598136297747713099605187072113499999983729780499510597317328160963185950244594553469083026425223082533446850352619311881710100031378387528865875332083814206171776691473035982534904287554687311595628638823537875937519577818577805321712268066130019278766111959092164201989E-449,500270025,493099.2689132690429687500000,450
0,1,3.1415926535897932384626433835873506884758663459963743156549058068013014505652035911058309102192909290815684364870868935674099610283178580860728092057119885131940924723468292709486308726066057311875407358058079867373473378216273446480904372297130185992787043157063969533847991279623078968785162571599750758281127333966274749304493611125372084511271252630011421327481089807609969743402108669977068528772193146544532487164958054577292292752241470063564684222440463933671541275038553255483064772708526145,3.078478042786969466212684946799612144934850442789945924777960848771738610994203499738045869203161164187672758543474497975835073957438083696448907498430712279836567762571587713769970110714138916931516964143036540644418166901330557487829366047743448013140945032712560080187013512411061270810393000489284401497079543594117608951085517727367784502121765078188267200457653412677862573840874891245427132716118473426123539012379203477816664306175867756181026006570785390878406653701663266375593433569139786050536047752628092978201390562972294607828237068232476153251815323305948679994318728547364391722142286572422103908263628212785315590987750465698534504146289492077203107410764579800438878709780391359655818401863702252286900394812927886500000016270219500489402682671839036814049755405446530916973574776917466553149647380688118289899968621612471134124667916185793828223308526964017465095712445312688404371361176462124062480422181422194678287731933869980721233888040907835798011E-28,57,22.5644111633300781250000,500
1,1,3.1415926535897932384626433835873506884758663459963743156549058068013014505652035911058309102192909290815684364870868935674099610283178580860728092057119885131940924723468292709486308726066057311875407358058079867373473378216273446480904372297130185992787043157063969533847991279623078968785162571599750758281127333966274749304493611125372084511271252630011421327481089807609969743402108669977068528772193146544532487164958054577292292752241470063564684222440463933671541275038553255483064772708526145,3.078478042786969466212684946799612144934850442789945924777960848771738610994203499738045869203161164187672758543474497975835073957438083696448907498430712279836567762571587713769970110714138916931516964143036540644418166901330557487829366047743448013140945032712560080187013512411061270810393000489284401497079543594117608951085517727367784502121765078188267200457653412677862573840874891245427132716118473426123539012379203477816664306175867756181026006570785390878406653701663266375593433569139786050536047752628092978201390562972294607828237068232476153251815323305948679994318728547364391722142286572422103908263628212785315590987750465698534504146289492077203107410764579800438878709780391359655818401863702252286900394812927886500000016270219500489402682671839036814049755405446530916973574776917466553149647380688118289899968621612471134124667916185793828223308526964017465095712445312688404371361176462124062480422181422194678287731933869980721233888040907835798011E-28,57,28.0210971832275390625000,500
2,2,3.1415926535897932384626433832795028841971676788548462879127277903706429773351769587269229114953737970851482882834295809380842019767367227828451768080632664647094277776121865119443436440322154348173644983732527363428484633734946078165554135286958060113219211427242344180759235522231542289126811873674653543540206349441189000643160682114875082458048803725711242109186775726837565353166871397906378677563339600264518655048175739402204054642304557021122419161906306966394049059307190606500714015932329577,1.7205202595330622168019371734289510320399011119138467432708969997982298527257090096426328138594488801826000652146527408563250897520091612160005907335201130174660555582393230849827549810404172313696365753958978237274241992259305345307744250591646945790617738083702329859713714692748172048527513417458459104839953214661490926529578650639312046970071613036438530990972439138940871355182458969764683813374030063061582717492661101624459550336642411565365897789914298336733624406566430860213949463952247371907021798609437027705392171762931767523846748184676694051320005681271452635608277857713427577896091736371787214684409012249534301465495853710507922796892589235420199561121290219608640344181598136297747713099605187072113499999983729780499510597317328160963185950244594553469083026425223082533446850352619311881710100031378387528865875332083814206171776691473035982534904287554687311595628638823537875937519577818577805321712268066130019278766111959092164201989E-42,99,21.340847015380859375000,500
3,4,3.1415926535897932384626433832795028841971693993751058209749445923078163466946902477172681652391560110100155876262763488618424886105711793416447096836295222628176404151695973829124584252567585263370412020275745118638390621539245379352912636522282066116770882853953515978299857026666382802677910515824650481253441524450293947727515712629736309422991243163622827109594090882611592890825953296758979876552825631117396460417934871236196095614120509873375836416622030398857677009590568707584891429676391283,5.95915187509107666601029610569721324988870059577852513559989794028900806497244989588546326436875323411381931012193661904285933407624012364638020943839745511102984955195130429952974685602815281087507804686239815751133394691975588086764616624538705587801087693496998556231494162400515303076490519214422876611774387888172760435239541504941586261135501596050624977723711997421177809644328001769228637996509266958541327387952153728208298336733624406566430860213949463952247371907021798609437027705392171762931767523846748184676694051320005681271452635608277857713427577896091736371787214684409012249534301465495853710507922796892589235420199561121290219608640344181598136297747713099605187072113499999983729780499510597317328160963185950244594553469083026425223082533446850352619311881710100031378387528865875332083814206171776691473035982534904287554687311595628638823537875937519577818577805321712268066130019278766111959092164201989E-71,213,61.0134601593017578125000,500
4,6,3.1415926535897932384626433832795028841971693993751058209749445923078164062862089986280348253421170657703781137633963980211115337159020893062656742883897122553478258846453359566813026004745842707728819186664847058660449522767527214675578716122690582197547654949163799481972031424694366969285032257610127244061447145955355675497832451098443239209407435793885580825627349671378015472182316987495101325472598602900915362785190030499335475159143728874638263789730554717437821077860646462902876447673588169,2.2117699727498859086259823108936484929254596851197387688621024582180566025644242570441483646841575000457623262697998884938517229267662289115530021436893908830720070804004132511841787766966787570233802610001808618917200526073317376758529849301707746207885040322774485955634110189193031524482024313790621731969802742233134340891361838344166974202176547216954893244910057852440996880786009402934156531322298336733624406566430860213949463952247371907021798609437027705392171762931767523846748184676694051320005681271452635608277857713427577896091736371787214684409012249534301465495853710507922796892589235420199561121290219608640344181598136297747713099605187072113499999983729780499510597317328160963185950244594553469083026425223082533446850352619311881710100031378387528865875332083814206171776691473035982534904287554687311595628638823537875937519577818577805321712268066130019278766111959092164201989E-99,367,66.4570331573486328125000,500
5,11,3.1415926535897932384626433832795028841971693993751058209749445923078164062862089986280348253421170679821480865132823066470938446095505822317253594081284811174502841027019596867552616768520830016458958817133420949508690970081244544167902418630962252504341037407364996864628391274356889293376841351332419721584842255270108438752412715810146167350436121868885750443175829568510326650271588381653483886954187226684757886697065518779999854216730633269238236644620215463167825668923067841360155410936768467,2.11656497020322291340467155139172845311192849356508796488061830034586978250233412884551738130393378523848007874755357304238859919682475714776192114226689937203506181853626433282478189959846843062524263022121985057746912134068770859856653981100290777534596918826034890612702218052755899996415835672152150065540592447876029106648975701663266375593433569139786050536047752628092978201390562972294607828237068232476153251815323305948679994318728547364391722142286572422103908263628212785315590987750465698534504146289492077203107410764579800438878709780391359655818401863702252286900394812927886500000016270219500489402682671839036814049755405446530916973574776917466553149647380688118289899968621612471134124667916185793828223308526964017465095712445312688404371361176462124062480422181422194678287731933869980721233888040907835798011E-170,927,111.4327907562255859375000,500
6,18,3.1415926535897932384626433832795028841971693993751058209749445923078164062862089986280348253421170679821480865132823066470938446095505822317253594081284811174502841027019385211055596446229489549303819644288109756659334461284756482337867831652712019091456485669234603486013866019349956682853277700978951381763485623690603069978766178720888213305021884888293139010839325543970382355207477690092060535252755155739403164242817085434939349884625063973686023419489980542557777939989397621997685779256950236,9.0677247132177253219324790433785864106580439465278678836443030907404327612131758790632764589273979761517822310006363779427354580841575416964254431676713836426234469441492867077499457325133819084937895578868129626914593602573169255298336733624406566430860213949463952247371907021798609437027705392171762931767523846748184676694051320005681271452635608277857713427577896091736371787214684409012249534301465495853710507922796892589235420199561121290219608640344181598136297747713099605187072113499999983729780499510597317328160963185950244594553469083026425223082533446850352619311881710100031378387528865875332083814206171776691473035982534904287554687311595628638823537875937519577818577805321712268066130019278766111959092164201989E-270,2131,188.8470649719238281250000,500
7,29,3.1415926535897932384626433832795028841971693993751058209749445923078164062862089986280348253421170679821480865132823066470938446095505822317253594081284811174502841027019385211055596446229489549303819644288109756659334461284756482337867831652712019091456485669234603486104543266482133936072602491412737245870066063155881748815209209628292540917153643678925903600113305305488204665213841469519415116094330572703657595919530921933984478588684629348061214520755729643527961636602918063450846601972560382,7.2810659262566698296875733776131930016032288117745390814538567220142440890701663266375593433569139786050536047752628092978201390562972294607828237068232476153251815323305948679994318728547364391722142286572422103908263628212785315590987750465698534504146289492077203107410764579800438878709780391359655818401863702252286900394812927886500000016270219500489402682671839036814049755405446530916973574776917466553149647380688118289899968621612471134124667916185793828223308526964017465095712445312688404371361176462124062480422181422194678287731933869980721233888040907835798011E-426,5013,300.9862899780273437500000,500
8,48,3.1415926535897932384626433832795028841971693993751058209749445923078164062862089986280348253421170679821480865132823066470938446095505822317253594081284811174502841027019385211055596446229489549303819644288109756659334461284756482337867831652712019091456485669234603486104543266482133936072602491412737245870066063155881748815209209628292540917153643678925903600113305305488204665213841469519415116094330572703657595919530921861173819326117931051185480744623799627495673518857527248912279381830119492,7.01663266375593433569139786050536047752628092978201390562972294607828237068232476153251815323305948679994318728547364391722142286572422103908263628212785315590987750465698534504146289492077203107410764579800438878709780391359655818401863702252286900394812927886500000016270219500489402682671839036814049755405446530916973574776917466553149647380688118289899968621612471134124667916185793828223308526964017465095712445312688404371361176462124062480422181422194678287731933869980721233888040907835798011E-500,12841,469.6540832519531250000000,500
9,78,3.1415926535897932384626433832795028841971693993751058209749445923078164062862089986280348253421170679821480865132823066470938446095505822317253594081284811174502841027019385211055596446229489549303819644288109756659334461284756482337867831652712019091456485669234603486104543266482133936072602491412737245870066063155881748815209209628292540917153643678925903600113305305488204665213841469519415116094330572703657595919530921861173819326117931051185480744623799627495673518857527248912279381830119492,7.01663266375593433569139786050536047752628092978201390562972294607828237068232476153251815323305948679994318728547364391722142286572422103908263628212785315590987750465698534504146289492077203107410764579800438878709780391359655818401863702252286900394812927886500000016270219500489402682671839036814049755405446530916973574776917466553149647380688118289899968621612471134124667916185793828223308526964017465095712445312688404371361176462124062480422181422194678287731933869980721233888040907835798011E-500,32551,832.5045108795166015625000,500
10,127,3.1415926535897932384626433832795028841971693993751058209749445923078164062862089986280348253421170679821480865132823066470938446095505822317253594081284811174502841027019385211055596446229489549303819644288109756659334461284756482337867831652712019091456485669234603486104543266482133936072602491412737245870066063155881748815209209628292540917153643678925903600113305305488204665213841469519415116094330572703657595919530921861173819326117931051185480744623799627495673518857527248912279381830119492,7.01663266375593433569139786050536047752628092978201390562972294607828237068232476153251815323305948679994318728547364391722142286572422103908263628212785315590987750465698534504146289492077203107410764579800438878709780391359655818401863702252286900394812927886500000016270219500489402682671839036814049755405446530916973574776917466553149647380688118289899968621612471134124667916185793828223308526964017465095712445312688404371361176462124062480422181422194678287731933869980721233888040907835798011E-500,84099,1280.9054851531982421875000,500
11,206,3.1415926535897932384626433832795028841971693993751058209749445923078164062862089986280348253421170679821480865132823066470938446095505822317253594081284811174502841027019385211055596446229489549303819644288109756659334461284756482337867831652712019091456485669234603486104543266482133936072602491412737245870066063155881748815209209628292540917153643678925903600113305305488204665213841469519415116094330572703657595919530921861173819326117931051185480744623799627495673518857527248912279381830119492,7.01663266375593433569139786050536047752628092978201390562972294607828237068232476153251815323305948679994318728547364391722142286572422103908263628212785315590987750465698534504146289492077203107410764579800438878709780391359655818401863702252286900394812927886500000016270219500489402682671839036814049755405446530916973574776917466553149647380688118289899968621612471134124667916185793828223308526964017465095712445312688404371361176462124062480422181422194678287731933869980721233888040907835798011E-500,217767,2227.9303073883056640625000,500
12,335,3.1415926535897932384626433832795028841971693993751058209749445923078164062862089986280348253421170679821480865132823066470938446095505822317253594081284811174502841027019385211055596446229489549303819644288109756659334461284756482337867831652712019091456485669234603486104543266482133936072602491412737245870066063155881748815209209628292540917153643678925903600113305305488204665213841469519415116094330572703657595919530921861173819326117931051185480744623799627495673518857527248912279381830119492,7.01663266375593433569139786050536047752628092978201390562972294607828237068232476153251815323305948679994318728547364391722142286572422103908263628212785315590987750465698534504146289492077203107410764579800438878709780391359655818401863702252286900394812927886500000016270219500489402682671839036814049755405446530916973574776917466553149647380688118289899968621612471134124667916185793828223308526964017465095712445312688404371361176462124062480422181422194678287731933869980721233888040907835798011E-500,570195,3805.1593303680419921875000,500
13,545,3.1415926535897932384626433832795028841971693993751058209749445923078164062862089986280348253421170679821480865132823066470938446095505822317253594081284811174502841027019385211055596446229489549303819644288109756659334461284756482337867831652712019091456485669234603486104543266482133936072602491412737245870066063155881748815209209628292540917153643678925903600113305305488204665213841469519415116094330572703657595919530921861173819326117931051185480744623799627495673518857527248912279381830119492,7.01663266375593433569139786050536047752628092978201390562972294607828237068232476153251815323305948679994318728547364391722142286572422103908263628212785315590987750465698534504146289492077203107410764579800438878709780391359655818401863702252286900394812927886500000016270219500489402682671839036814049755405446530916973574776917466553149647380688118289899968621612471134124667916185793828223308526964017465095712445312688404371361176462124062480422181422194678287731933869980721233888040907835798011E-500,1499865,6641.4597034454345703125000,500
14,885,3.1415926535897932384626433832795028841971693993751058209749445923078164062862089986280348253421170679821480865132823066470938446095505822317253594081284811174502841027019385211055596446229489549303819644288109756659334461284756482337867831652712019091456485669234603486104543266482133936072602491412737245870066063155881748815209209628292540917153643678925903600113305305488204665213841469519415116094330572703657595919530921861173819326117931051185480744623799627495673518857527248912279381830119492,7.01663266375593433569139786050536047752628092978201390562972294607828237068232476153251815323305948679994318728547364391722142286572422103908263628212785315590987750465698534504146289492077203107410764579800438878709780391359655818401863702252286900394812927886500000016270219500489402682671839036814049755405446530916973574776917466553149647380688118289899968621612471134124667916185793828223308526964017465095712445312688404371361176462124062480422181422194678287731933869980721233888040907835798011E-500,3940045,12073.5952854156494140625000,500
15,1438,3.1415926535897932384626433832795028841971693993751058209749445923078164062862089986280348253421170679821480865132823066470938446095505822317253594081284811174502841027019385211055596446229489549303819644288109756659334461284756482337867831652712019091456485669234603486104543266482133936072602491412737245870066063155881748815209209628292540917153643678925903600113305305488204665213841469519415116094330572703657595919530921861173819326117931051185480744623799627495673518857527248912279381830119492,7.01663266375593433569139786050536047752628092978201390562972294607828237068232476153251815323305948679994318728547364391722142286572422103908263628212785315590987750465698534504146289492077203107410764579800438878709780391359655818401863702252286900394812927886500000016270219500489402682671839036814049755405446530916973574776917466553149647380688118289899968621612471134124667916185793828223308526964017465095712445312688404371361176462124062480422181422194678287731933869980721233888040907835798011E-500,10378071,23223.1454849243164062500000,500
16,2335,3.1415926535897932384626433832795028841971693993751058209749445923078164062862089986280348253421170679821480865132823066470938446095505822317253594081284811174502841027019385211055596446229489549303819644288109756659334461284756482337867831652712019091456485669234603486104543266482133936072602491412737245870066063155881748815209209628292540917153643678925903600113305305488204665213841469519415116094330572703657595919530921861173819326117931051185480744623799627495673518857527248912279381830119492,7.01663266375593433569139786050536047752628092978201390562972294607828237068232476153251815323305948679994318728547364391722142286572422103908263628212785315590987750465698534504146289492077203107410764579800438878709780391359655818401863702252286900394812927886500000016270219500489402682671839036814049755405446530916973574776917466553149647380688118289899968621612471134124667916185793828223308526964017465095712445312688404371361176462124062480422181422194678287731933869980721233888040907835798011E-500,27324195,47041.6381359100341796875000,500
17,3792,3.1415926535897932384626433832795028841971693993751058209749445923078164062862089986280348253421170679821480865132823066470938446095505822317253594081284811174502841027019385211055596446229489549303819644288109756659334461284756482337867831652712019091456485669234603486104543266482133936072602491412737245870066063155881748815209209628292540917153643678925903600113305305488204665213841469519415116094330572703657595919530921861173819326117931051185480744623799627495673518857527248912279381830119492,7.01663266375593433569139786050536047752628092978201390562972294607828237068232476153251815323305948679994318728547364391722142286572422103908263628212785315590987750465698534504146289492077203107410764579800438878709780391359655818401863702252286900394812927886500000016270219500489402682671839036814049755405446530916973574776917466553149647380688118289899968621612471134124667916185793828223308526964017465095712445312688404371361176462124062480422181422194678287731933869980721233888040907835798011E-500,71998729,100485.3837490081787109375000,500
18,6158,3.1415926535897932384626433832795028841971693993751058209749445923078164062862089986280348253421170679821480865132823066470938446095505822317253594081284811174502841027019385211055596446229489549303819644288109756659334461284756482337867831652712019091456485669234603486104543266482133936072602491412737245870066063155881748815209209628292540917153643678925903600113305305488204665213841469519415116094330572703657595919530921861173819326117931051185480744623799627495673518857527248912279381830119492,7.01663266375593433569139786050536047752628092978201390562972294607828237068232476153251815323305948679994318728547364391722142286572422103908263628212785315590987750465698534504146289492077203107410764579800438878709780391359655818401863702252286900394812927886500000016270219500489402682671839036814049755405446530916973574776917466553149647380688118289899968621612471134124667916185793828223308526964017465095712445312688404371361176462124062480422181422194678287731933869980721233888040907835798011E-500,189771111,226605.4103374481201171875000,500
19,10000,3.1415926535897932384626433832795028841971693993751058209749445923078164062862089986280348253421170679821480865132823066470938446095505822317253594081284811174502841027019385211055596446229489549303819644288109756659334461284756482337867831652712019091456485669234603486104543266482133936072602491412737245870066063155881748815209209628292540917153643678925903600113305305488204665213841469519415116094330572703657595919530921861173819326117931051185480744623799627495673518857527248912279381830119492,7.01663266375593433569139786050536047752628092978201390562972294607828237068232476153251815323305948679994318728547364391722142286572422103908263628212785315590987750465698534504146289492077203107410764579800438878709780391359655818401863702252286900394812927886500000016270219500489402682671839036814049755405446530916973574776917466553149647380688118289899968621612471134124667916185793828223308526964017465095712445312688404371361176462124062480422181422194678287731933869980721233888040907835798011E-500,500270025,546172.6114749908447265625000,500
